Disease,Jan_97,Feb_97,Mar_97,Apr_97,May_97,Jun_97,Jul_97,Aug_97,Sep_97,Oct_97,Nov_97,Dec_97,Jan_98,Feb_98,Mar_98,Apr_98,May_98,Jun_98,Jul_98,Aug_98,Sep_98,Oct_98,Nov_98,Dec_98,Jan_99,Feb_99,Mar_99,Apr_99,May_99,Jun_99,Jul_99,Aug_99,Sep_99,Oct_99,Nov_99,Dec_99,Jan_00,Feb_00,Mar_00,Apr_00,May_00,Jun_00,Jul_00,Aug_00,Sep_00,Oct_00,Nov_00,Dec_00,Jan_01,Feb_01,Mar_01,Apr_01,May_01,Jun_01,Jul_01,Aug_01,Sep_01,Oct_01,Nov_01,Dec_01,Jan_02,Feb_02,Mar_02,Apr_02,May_02,Jun_02,Jul_02,Aug_02,Sep_02,Oct_02,Nov_02,Dec_02,Jan_03,Feb_03,Mar_03,Apr_03,May_03,Jun_03,Jul_03,Aug_03,Sep_03,Oct_03,Nov_03,Dec_03,Jan_04,Feb_04,Mar_04,Apr_04,May_04,Jun_04,Jul_04,Aug_04,Sep_04,Oct_04,Nov_04,Dec_04,Jan_05,Feb_05,Mar_05,Apr_05,May_05,Jun_05,Jul_05,Aug_05,Sep_05,Oct_05,Nov_05,Dec_05,Jan_06,Feb_06,Mar_06,Apr_06,May_06,Jun_06,Jul_06,Aug_06,Sep_06,Oct_06,Nov_06,Dec_06,Jan_07,Feb_07,Mar_07,Apr_07,May_07,Jun_07,Jul_07,Aug_07,Sep_07,Oct_07,Nov_07,Dec_07,Jan_08,Feb_08,Mar_08,Apr_08,May_08,Jun_08,Jul_08,Aug_08,Sep_08,Oct_08,Nov_08,Dec_08,Jan_09,Feb_09,Mar_09,Apr_09,May_09,Jun_09,Jul_09,Aug_09,Sep_09,Oct_09,Nov_09,Dec_09,Jan_10,Feb_10,Mar_10,Apr_10,May_10,Jun_10,Jul_10,Aug_10,Sep_10,Oct_10,Nov_10,Dec_10,Jan_11,Feb_11,Mar_11,Apr_11,May_11,Jun_11,Jul_11,Aug_11,Sep_11,Oct_11,Nov_11,Dec_11,Jan_12,Feb_12,Mar_12,Apr_12,May_12,Jun_12,Jul_12,Aug_12,Sep_12,Oct_12,Nov_12,Dec_12,Jan_13,Feb_13,Mar_13,Apr_13,May_13,Jun_13,Jul_13,Aug_13,Sep_13,Oct_13,Nov_13,Dec_13,Jan_14,Feb_14,Mar_14,Apr_14,May_14,Jun_14,Jul_14,Aug_14,Sep_14,Oct_14,Nov_14,Dec_14,Jan_15,Feb_15,Mar_15,Apr_15,May_15,Jun_15,Jul_15,Aug_15,Sep_15,Oct_15,Nov_15,Dec_15,Jan_16,Feb_16,Mar_16,Apr_16,May_16,Jun_16,Jul_16,Aug_16,Sep_16,Oct_16,Nov_16,Dec_16,Jan_17,Feb_17,Mar_17,Apr_17,May_17,Jun_17,Jul_17,Aug_17,Sep_17,Oct_17,Nov_17,Dec_17,Jan_18,Feb_18,Mar_18,Apr_18,May_18,Jun_18,Jul_18,Aug_18,Sep_18,Oct_18,Nov_18,Dec_18,Jan_19,Feb_19,Mar_19,Apr_19,May_19,Jun_19,Jul_19,Aug_19,Sep_19,Oct_19,Nov_19,Dec_19,Jan_20,Feb_20,Mar_20,Apr_20,May_20,Jun_20,Jul_20,Aug_20,Sep_20,Oct_20,Nov_20,Dec_20,Jan_21,Feb_21,Mar_21,Apr_21,May_21,Jun_21,Jul_21,Aug_21,Sep_21,Oct_21,Nov_21
Cholera,0,0,0,0,13,0,0,0,0,1,0,0,1,8,39,1,2,2,1,11,5,0,1,0,0,0,1,1,4,4,0,3,3,2,0,0,0,0,0,0,1,0,1,3,1,2,2,2,0,0,0,0,1,8,5,4,18,1,1,0,0,0,0,0,1,0,2,1,0,0,0,0,0,0,0,0,0,1,2,2,1,0,0,1,0,1,0,1,0,2,0,0,0,1,0,0,0,0,0,0,0,1,1,2,1,0,0,0,0,0,0,0,0,0,0,1,0,0,0,0,0,0,0,0,0,0,0,2,0,0,1,0,0,0,0,1,0,0,0,0,2,2,0,2,0,0,0,0,0,0,0,0,0,0,0,0,0,0,0,0,2,1,0,5,0,0,0,1,0,0,0,0,0,0,1,0,0,0,0,1,0,0,0,0,0,0,1,1,0,0,0,0,0,0,0,0,0,0,0,0,0,2,0,0,0,0,0,0,0,0,0,1,0,0,0,0,0,0,0,0,0,1,0,0,0,0,0,0,0,0,0,0,1,1,0,1,0,0,0,0,0,0,0,0,0,0,0,0,0,0,0,0,0,0,0,0,0,0,1,0,0,0,0,0,0,0,0,0,0,0,0,0,0,1,0,0,0,0,0,0,0,0,0,0,0,0,0,0,0,0,0,0,0,0,0,0,0,0,0
Plague,0,0,0,0,0,0,0,0,0,0,0,0,0,0,0,0,0,0,0,0,0,0,0,0,0,0,0,0,0,0,0,0,0,0,0,0,0,0,0,0,0,0,0,0,0,0,0,0,0,0,0,0,0,0,0,0,0,0,0,0,0,0,0,0,0,0,0,0,0,0,0,0,0,0,0,0,0,0,0,0,0,0,0,0,0,0,0,0,0,0,0,0,0,0,0,0,0,0,0,0,0,0,0,0,0,0,0,0,0,0,0,0,0,0,0,0,0,0,0,0,0,0,0,0,0,0,0,0,0,0,0,0,0,0,0,0,0,0,0,0,0,0,0,0,0,0,0,0,0,0,0,0,0,0,0,0,0,0,0,0,0,0,0,0,0,0,0,0,0,0,0,0,0,0,0,0,0,0,0,0,0,0,0,0,0,0,0,0,0,0,0,0,0,0,0,0,0,0,0,0,0,0,0,0,0,0,0,0,0,0,0,0,0,0,0,0,0,0,0,0,0,0,0,0,0,0,0,0,0,0,0,0,0,0,0,0,0,0,0,0,0,0,0,0,0,0,0,0,0,0,0,0,0,0,0,0,0,0,0,0,0,0,0,0,0,0,0,0,0,0,0,0,0,0,0,0,0,0,0,0,0,0,0,0,0,0,0,0,0,0,0,0,0,0,0,0,0,0,0
Yellow Fever,0,0,0,0,0,0,0,0,0,0,0,0,0,0,0,0,0,0,0,0,0,0,0,0,0,0,0,0,0,0,0,0,0,0,0,0,0,0,0,0,0,0,0,0,0,0,0,0,0,0,0,0,0,0,0,0,0,0,0,0,0,0,0,0,0,0,0,0,0,0,0,0,0,0,0,0,0,0,0,0,0,0,0,0,0,0,0,0,0,0,0,0,0,0,0,0,0,0,0,0,0,0,0,0,0,0,0,0,0,0,0,0,0,0,0,0,0,0,0,0,0,0,0,0,0,0,0,0,0,0,0,0,0,0,0,0,0,0,0,0,0,0,0,0,0,0,0,0,0,0,0,0,0,0,0,0,0,0,0,0,0,0,0,0,0,0,0,0,0,0,0,0,0,0,0,0,0,0,0,0,0,0,0,0,0,0,0,0,0,0,0,0,0,0,0,0,0,0,0,0,0,0,0,0,0,0,0,0,0,0,0,0,0,0,0,0,0,0,0,0,0,0,0,0,0,0,0,0,0,0,0,0,0,0,0,0,0,0,0,0,0,0,0,0,0,0,0,0,0,0,0,0,0,0,0,0,0,0,0,0,0,0,0,0,0,0,0,0,0,0,0,0,0,0,0,0,0,0,0,0,0,0,0,0,0,0,0,0,0,0,0,0,0,0,0,0,0,0,0
Acute Poliomyelitis,0,0,0,0,0,0,0,0,0,0,0,0,0,0,0,0,0,0,0,0,0,0,0,0,0,0,0,0,0,0,0,0,0,0,0,0,0,0,0,0,0,0,0,1,0,0,0,0,0,0,0,0,0,0,0,0,0,0,0,0,0,0,0,0,0,0,0,0,0,0,0,0,0,0,0,0,0,0,0,0,0,0,0,0,0,0,0,0,0,0,0,0,0,0,0,0,0,0,0,0,0,0,0,0,0,0,0,0,0,0,0,0,0,0,0,0,0,0,0,0,0,0,0,0,0,0,0,0,0,0,0,0,0,0,0,0,0,0,0,0,0,0,0,0,0,0,0,0,0,0,0,0,0,0,0,0,0,0,0,0,0,0,0,0,0,0,0,0,0,0,0,0,0,0,0,0,0,0,0,0,0,0,0,0,0,0,0,0,0,0,0,0,0,0,0,0,0,0,0,0,0,0,0,0,0,0,0,0,0,0,0,0,0,0,0,0,0,0,0,0,0,0,0,0,0,0,0,0,0,0,0,0,0,0,0,0,0,0,0,0,0,0,0,0,0,0,0,0,0,0,0,0,0,0,0,0,0,0,0,0,0,0,0,0,0,0,0,0,0,0,0,0,0,0,0,0,0,0,0,0,0,0,0,0,0,0,0,0,0,0,0,0,0,0,0,0,0,0,0
Amoebic Dysentery,2,0,2,1,1,0,2,0,0,3,0,1,0,1,1,1,0,0,0,0,0,0,0,0,0,0,0,1,0,0,0,0,0,1,1,0,0,0,0,0,0,0,1,0,0,0,2,0,0,0,0,0,0,2,0,2,1,0,0,1,0,0,0,0,0,0,0,1,2,1,0,1,0,3,0,0,0,0,0,1,0,1,2,9,6,6,5,1,1,2,0,0,0,0,0,2,0,0,0,1,0,0,0,1,0,0,0,0,1,1,0,1,0,1,0,0,0,0,0,0,1,0,1,0,0,0,1,1,0,0,0,0,2,1,0,0,0,0,1,0,0,0,0,0,0,0,1,1,2,0,0,2,0,0,0,0,0,0,1,1,0,0,0,0,0,0,0,0,0,0,1,1,0,0,0,1,1,1,2,0,0,0,0,0,1,0,1,1,0,1,1,2,0,1,0,1,1,0,0,0,0,1,0,0,0,4,0,2,1,1,1,0,0,0,1,1,0,0,0,1,0,0,0,1,0,0,2,1,0,0,1,0,0,1,0,1,0,0,0,0,0,1,2,1,2,4,0,0,0,0,0,0,0,0,1,0,1,0,0,0,0,1,2,0,1,2,1,3,1,2,1,2,0,2,0,0,1,2,2,1,1,1,0,0,0,0,0,1,0,1,0,2,1,2,0,0,2,0,1
Bacillary Dysentery,27,32,22,29,26,13,36,38,40,39,24,37,48,26,20,27,17,44,44,42,87,58,52,47,23,13,28,39,24,15,33,33,20,22,16,23,4,11,12,10,39,26,74,32,37,21,22,22,31,12,17,39,20,52,31,40,36,56,31,25,17,5,10,12,17,25,38,45,52,25,23,15,8,11,8,5,9,5,10,17,8,8,16,11,3,10,5,11,5,6,10,25,26,9,17,13,4,1,6,5,6,12,14,40,17,10,7,7,6,7,8,4,7,12,8,20,17,37,7,7,7,2,2,8,2,7,4,12,6,6,8,3,2,2,20,23,12,16,11,7,27,15,4,11,8,6,6,3,4,8,10,12,11,11,4,3,2,1,2,5,4,8,17,18,9,7,2,3,3,3,1,4,3,2,6,8,7,6,6,5,1,3,3,5,3,11,12,5,3,4,4,5,4,1,2,4,2,4,10,10,8,8,9,4,6,1,0,1,4,2,4,9,3,11,5,5,4,1,2,2,4,3,2,6,2,6,3,9,1,2,2,2,3,1,5,6,8,4,3,2,2,4,2,3,5,0,2,8,1,5,2,3,2,2,3,1,3,7,3,3,0,3,3,3,1,0,5,2,2,1,2,16,7,0,6,3,5,1,1,2,4,2,0,1,1,0,0,0,1,1,1,0,1,0,0,1,1,1,3
Dengue Fever,1,0,0,1,2,0,0,0,1,1,3,1,1,2,1,0,2,1,1,0,5,1,1,0,0,0,1,0,0,1,2,0,0,0,1,0,0,1,1,0,0,0,0,2,2,0,1,4,0,0,2,0,2,2,1,1,2,3,2,2,2,0,0,1,3,0,0,4,17,12,4,1,5,5,0,1,4,4,4,12,6,3,1,4,5,3,1,1,2,2,3,5,4,1,2,1854,0,2,1,3,0,2,2,4,5,4,4,4,3,1,1,4,2,3,4,5,1,4,2,1,2,1,1,2,2,3,6,23,6,6,4,2,3,4,0,4,3,1,3,9,4,5,4,2,0,3,4,8,5,1,2,2,3,4,8,3,4,3,5,5,6,8,4,18,16,7,6,1,3,1,0,2,3,0,0,8,3,2,4,4,4,5,5,5,5,2,6,6,6,3,3,3,12,4,4,6,7,7,11,18,12,3,15,4,1,6,1,15,2,11,11,13,10,27,12,3,13,0,7,10,4,13,6,16,15,14,10,6,9,9,4,11,11,7,13,18,21,8,9,4,9,5,4,4,11,17,8,13,9,10,7,5,6,2,3,8,5,17,12,40,17,25,22,6,16,12,5,10,9,23,23,40,19,20,16,5,10,3,5,2,0,0,0,0,0,2,0,0,0,0,1,0,0,0,0,0,0,0,1
Diphtheria,0,0,0,0,0,0,0,0,0,0,0,0,0,0,0,0,0,0,0,0,0,0,0,0,0,0,0,0,0,0,0,0,0,0,0,0,0,0,0,0,0,0,0,0,0,0,0,0,0,0,0,0,0,0,0,0,0,0,0,0,0,0,0,0,0,0,0,0,0,0,0,0,0,0,0,0,0,0,0,0,0,0,0,0,0,0,0,0,0,0,0,0,0,0,0,2,0,0,0,0,0,0,0,0,0,0,0,0,0,0,0,0,0,0,0,0,0,0,0,0,0,0,0,0,0,0,0,0,0,0,0,0,0,0,0,0,0,0,0,0,0,0,0,0,0,0,0,0,0,0,0,0,0,0,0,0,0,0,0,0,0,0,0,0,0,0,0,0,0,0,0,0,0,0,0,0,0,0,0,0,0,0,0,0,0,0,0,0,0,0,0,0,0,0,0,0,0,0,0,0,0,0,0,0,0,0,0,0,0,0,0,0,0,0,0,0,0,0,0,0,0,0,0,0,0,0,0,0,0,0,0,0,0,0,0,0,0,0,0,0,0,0,0,0,0,0,0,0,0,0,0,0,0,0,0,0,0,0,0,0,0,0,0,0,0,0,0,0,0,0,0,0,0,0,0,0,0,0,0,0,0,0,0,0,0,0,0,0,0,0,0,0,0,0,0,0,0,0,0
Food Poisoning - Outbreaks,19,32,14,18,29,36,50,37,29,37,30,33,63,49,29,23,65,81,47,43,61,55,27,34,25,22,54,22,31,85,55,72,62,50,35,25,44,33,38,14,49,63,112,79,39,78,33,36,48,63,37,28,57,111,69,88,52,41,31,46,37,44,26,38,40,69,152,78,65,50,37,34,39,37,10,8,19,34,43,57,49,41,31,54,67,54,30,27,44,38,100,118,92,66,101,0,67,73,106,45,79,118,92,126,100,55,33,79,126,199,71,62,84,83,141,84,94,58,42,50,44,55,53,39,51,61,51,77,98,31,30,31,24,43,27,24,44,79,107,82,84,48,22,35,31,34,45,22,24,27,53,59,33,35,14,30,22,13,24,19,33,59,39,27,31,18,12,19,34,31,21,26,30,37,37,32,22,14,32,24,37,19,32,21,26,23,44,38,39,20,56,23,30,37,22,33,25,24,21,47,15,24,18,20,38,10,12,16,18,14,16,23,18,19,9,21,24,33,20,14,21,14,29,53,14,18,5,9,12,22,9,30,8,28,13,21,20,9,18,23,18,3,28,25,14,15,10,24,17,19,26,15,10,10,24,9,14,22,19,17,21,7,6,14,7,24,21,17,24,35,20,11,21,17,5,10,20,5,4,6,106,30,13,3,25,10,10,10,6,8,26,7,7,18,27,10,18,47,21
Food Poisoning - Persons affected,66,179,57,120,135,261,245,120,183,194,100,240,358,147,122,92,229,352,202,149,255,293,121,691,208,69,264,71,93,378,326,278,312,582,162,75,147,133,128,52,226,206,611,259,162,223,125,180,150,387,168,89,298,456,276,287,227,126,91,152,168,152,84,239,118,278,616,242,300,194,132,117,131,205,116,37,70,114,165,242,415,353,176,206,325,203,113,142,251,148,427,412,361,200,307,84,202,424,269,250,324,482,327,433,389,169,98,234,480,918,221,214,287,305,460,249,452,263,120,175,157,150,163,112,133,170,147,308,376,79,82,115,156,140,80,226,160,309,403,330,333,170,70,170,104,150,146,79,63,112,177,207,131,159,41,171,52,62,67,49,130,190,139,101,102,64,44,56,124,149,60,78,82,136,172,95,98,41,128,121,173,144,111,56,85,76,129,144,180,62,233,136,99,146,67,99,84,82,68,216,43,70,84,118,222,30,36,62,57,137,106,74,61,143,71,135,85,145,76,72,66,39,102,168,173,113,13,25,196,96,32,99,30,132,51,199,73,30,71,75,55,11,99,71,81,33,138,117,66,54,93,65,86,56,89,45,44,67,61,44,97,31,57,38,26,216,90,62,74,90,86,26,60,102,12,37,72,13,10,18,254,89,46,4,74,30,24,28,18,29,72,16,26,52,70,24,59,147,69
Legionnaires' Disease,0,0,0,0,0,0,1,0,0,1,0,0,0,0,0,0,0,0,1,0,0,0,0,0,0,0,0,0,0,1,0,0,0,0,0,0,0,0,0,0,0,0,0,0,1,0,0,1,0,0,0,0,0,1,0,0,0,2,0,0,1,0,0,0,0,0,1,1,0,0,0,1,0,0,1,0,1,0,0,0,0,1,0,0,0,0,0,0,0,0,0,0,1,1,1,242,0,0,0,1,1,0,1,4,2,0,2,0,0,1,1,1,5,1,2,1,1,2,1,0,1,1,0,0,1,2,2,1,2,0,0,1,0,0,0,1,2,3,4,1,1,1,0,0,2,2,1,3,1,3,8,9,0,5,3,0,2,2,3,2,1,5,0,1,0,1,2,1,1,1,0,1,2,0,2,2,2,1,2,3,0,0,0,4,5,4,3,4,2,0,2,4,1,0,0,5,1,1,2,3,6,6,2,1,1,2,2,3,5,2,12,1,3,2,6,2,6,1,0,3,5,5,6,14,7,12,3,4,8,4,3,5,3,11,8,2,3,8,8,12,8,1,3,6,10,8,10,13,3,4,3,3,6,2,6,0,7,10,17,15,16,10,10,6,2,4,9,4,10,18,20,7,11,6,10,4,6,21,7,1,0,14,17,12,10,12,2,2,1,2,3,3,5,5,11,13,2,12,7
Leprosy,2,0,2,4,0,0,0,0,0,0,0,3,0,1,0,4,1,1,0,1,2,1,0,2,0,1,0,3,2,0,1,1,1,1,4,0,0,0,0,1,1,3,0,0,1,3,1,1,0,1,2,2,2,0,0,0,1,0,2,0,2,0,0,2,1,0,0,0,0,0,1,0,2,0,0,0,0,0,3,0,0,1,0,1,0,0,1,3,0,1,0,0,0,1,0,0,0,1,0,0,0,0,0,0,0,1,1,0,0,1,0,0,1,2,1,0,0,1,0,0,0,0,0,0,0,0,0,0,0,0,1,1,0,0,0,0,0,1,2,0,0,0,0,2,0,1,0,1,1,0,1,0,0,0,0,0,0,0,0,0,1,0,0,0,2,0,0,0,0,0,0,1,2,0,1,0,2,0,0,0,0,0,0,2,0,0,0,1,0,1,0,1,0,1,0,0,0,1,2,1,0,0,0,0,0,1,1,0,3,1,1,0,0,1,1,0,0,0,0,0,0,1,2,0,0,0,0,0,0,0,0,1,0,1,1,0,0,0,0,0,0,0,1,0,0,0,0,0,1,0,0,1,0,0,2,1,0,2,0,0,0,0,0,0,0,0,1,0,1,0,1,0,0,1,0,0,0,1,1,1,0,0,0,0,0,0,0,0,0,0,0,0,0,0,0,0,2,0,0
Malaria,3,4,1,7,13,18,18,10,14,6,4,3,3,3,2,4,6,7,5,4,9,4,2,5,6,2,2,4,4,4,7,9,7,4,2,4,5,3,3,4,3,3,2,4,5,2,0,1,3,6,3,4,0,3,3,7,3,7,5,3,2,2,4,3,2,5,7,6,4,6,5,8,2,2,3,4,3,2,1,4,4,2,1,0,1,2,0,1,5,2,6,9,2,5,2,0,2,2,2,3,3,1,6,5,3,3,0,2,3,0,2,2,2,9,6,6,2,4,4,0,3,0,4,1,4,3,3,1,4,1,4,5,0,0,1,2,2,1,2,4,6,4,2,1,0,1,0,1,3,1,4,5,3,3,2,0,0,1,1,1,1,3,11,8,4,2,1,1,1,2,2,1,6,6,4,5,7,3,2,2,6,1,1,3,0,2,4,3,1,1,3,1,1,2,1,2,0,1,5,1,3,3,1,0,3,2,0,1,0,6,3,2,3,2,1,0,0,0,0,0,1,1,3,7,4,1,3,2,1,0,2,1,1,2,7,3,3,2,2,0,1,1,1,3,3,2,7,1,7,4,0,0,2,0,2,0,2,2,1,2,7,3,0,1,0,0,0,0,2,0,2,5,4,1,2,1,0,0,1,2,1,1,0,0,0,0,1,1,1,0,0,0,0,0,1,0,2,0,0
Measles,11,20,39,38,59,44,54,39,8,0,4,0,3,6,6,7,7,11,12,1,1,0,1,1,3,3,4,6,8,0,3,1,0,1,1,2,4,5,8,5,8,5,8,10,3,3,1,1,2,2,11,6,45,43,30,18,9,6,5,2,1,7,7,13,6,10,6,2,4,3,2,0,3,8,2,2,1,2,1,5,1,5,3,0,3,5,0,4,12,9,5,8,2,2,0,0,3,4,4,6,10,12,14,7,1,2,1,1,2,6,11,10,24,12,17,6,4,6,4,4,3,6,3,4,11,9,14,11,7,5,7,8,1,7,7,7,7,7,9,11,7,3,1,1,4,6,6,1,1,1,1,2,1,1,1,0,1,3,1,1,1,0,1,2,1,0,0,0,0,0,2,1,2,1,2,0,2,2,0,0,1,1,2,1,0,0,1,0,0,0,1,1,1,1,2,2,3,4,3,1,3,6,7,5,5,6,9,4,4,7,6,4,4,1,0,0,0,1,3,1,4,3,3,0,1,0,1,1,0,0,0,0,3,1,1,0,0,1,0,3,0,2,0,0,1,0,0,0,1,0,0,0,0,0,2,5,2,1,0,0,1,0,1,3,7,1,31,26,12,4,2,2,0,2,2,2,0,0,0,1,0,0,0,0,0,0,0,0,0,0,0,0,0,0,0,0,1,0,0
Meningococcal Infections,0,0,1,1,1,0,0,2,0,0,0,0,0,0,1,0,0,1,0,0,0,0,0,0,1,0,0,1,1,0,0,0,0,0,0,0,1,0,3,2,0,1,0,1,1,3,2,0,0,2,4,2,0,0,1,1,0,0,0,0,2,0,1,2,0,1,0,0,0,0,0,0,1,0,0,0,0,0,0,2,0,0,0,0,0,1,0,1,0,0,0,0,0,0,0,0,1,0,0,1,0,1,0,0,0,0,1,0,0,0,1,0,0,1,0,0,0,2,1,1,0,0,0,0,0,0,0,0,0,1,1,0,0,0,0,0,0,0,0,0,0,0,0,0,1,0,0,0,0,0,0,0,0,0,1,0,0,0,1,0,0,0,0,0,0,0,0,1,1,1,1,1,1,0,0,0,1,0,0,2,0,1,2,0,0,0,0,1,0,0,0,0,0,0,0,0,0,0,1,2,0,0,0,0,1,0,0,1,0,1,1,1,0,0,0,0,0,1,0,2,0,0,2,0,0,0,0,0,0,1,1,0,1,1,0,0,1,0,0,1,0,0,1,0,1,1,1,0,1,0,0,0,1,0,1,1,2,2,0,0,0,0,2,1,2,2,2,3,2,1,0,0,1,1,0,0,0,0,0,0,0,0,0,0,0,0,0,0,0,0,0,1,0,0,0,0,0,1,0
MERS,,,,,,,,,,,,,,,,,,,,,,,,,,,,,,,,,,,,,,,,,,,,,,,,,,,,,,,,,,,,,,,,,,,,,,,,,,,,,,,,,,,,,,,,,,,,,,,,,,,,,,,,,,,,,,,,,,,,,,,,,,,,,,,,,,,,,,,,,,,,,,,,,,,,,,,,,,,,,,,,,,,,,,,,,,,,,,,,,,,,,,,,,,,,,,,,,0,0,0,0,0,0,0,0,0,0,0,0,0,0,0,0,0,0,0,0,0,0,0,0,0,0,0,0,0,0,0,0,0,0,0,0,0,0,0,0,0,0,0,0,0,0,0,0,0,0,0,0,0,0,0,0,0,0,0,0,0,0,0,0,0,0,0,0,0,0,0,0,0,0,0,0,0,0,0,0,0,0,0,0,0,0,0,0,0,0,0,0,0,0,0,0,0,0,0,0,0,0,0,0,0,0,0
Mumps,3,2,8,2,3,5,8,2,10,1,3,4,1,5,2,3,1,2,1,4,1,4,1,0,2,8,4,4,7,8,3,3,13,3,5,3,6,6,4,5,7,10,6,10,8,6,2,7,4,3,6,4,9,8,7,7,7,0,3,9,2,8,6,3,7,8,10,11,9,10,8,7,9,6,12,8,11,7,11,6,15,15,10,11,10,11,16,8,16,17,17,26,26,22,31,2,15,21,15,13,17,22,13,11,5,8,2,3,6,7,15,20,8,13,15,13,19,25,24,19,11,12,19,19,13,15,9,13,18,17,15,19,17,10,8,8,12,10,8,12,24,7,4,16,14,11,21,9,13,18,8,12,13,15,11,10,10,6,13,10,17,18,14,19,22,10,14,13,6,10,18,15,6,16,7,18,17,20,11,9,11,9,18,7,19,12,13,16,11,8,17,9,15,9,6,17,11,8,5,6,10,11,14,15,12,5,11,7,15,8,11,8,8,8,12,6,13,8,12,5,15,12,7,10,11,12,6,7,9,7,8,6,9,7,8,12,14,18,9,3,1,6,10,10,10,10,7,4,17,14,4,5,8,3,2,5,3,10,3,11,10,9,7,11,6,8,2,5,6,7,7,10,6,9,3,2,9,6,4,3,0,5,6,3,1,3,0,1,0,3,10,4,4,4,7,5,6,2,6
Paratyphoid Fever,0,0,6,3,0,0,4,0,2,3,0,0,0,1,2,0,2,1,2,2,3,2,1,0,0,1,1,0,1,3,1,1,2,1,0,2,1,1,1,2,1,0,2,1,2,1,1,0,4,2,1,1,0,2,1,4,2,3,1,0,0,0,0,3,2,2,3,0,2,3,5,1,3,2,3,4,7,11,13,0,5,3,4,5,1,2,3,2,6,4,4,2,6,3,4,1,4,0,0,1,1,2,1,7,5,2,1,9,2,3,1,1,4,7,4,3,8,4,1,1,2,1,1,6,3,2,1,0,3,2,4,3,1,1,1,2,3,3,2,2,2,4,0,0,2,4,3,2,0,3,5,1,3,2,1,1,1,1,3,2,2,3,6,2,0,2,3,1,2,3,2,1,2,3,0,1,0,2,3,2,1,2,1,1,5,2,1,1,2,0,4,3,2,0,1,2,5,3,1,3,2,3,1,0,2,4,2,4,0,4,1,2,4,0,2,1,1,2,2,1,0,3,1,0,0,0,0,1,1,1,1,1,3,1,0,2,2,2,1,0,1,0,0,0,0,0,1,1,3,0,1,1,0,0,0,2,2,0,2,1,2,1,0,1,0,2,1,1,1,0,1,2,2,1,0,0,2,2,4,0,0,0,0,0,0,1,0,0,0,0,0,1,0,0,0,1,0,1,0
Rabies(Human),0,0,0,0,0,0,0,0,0,0,0,0,0,0,0,0,0,0,0,0,0,0,0,0,0,0,0,0,0,0,1,0,0,0,0,0,0,0,0,0,0,0,0,0,0,0,0,0,0,0,0,0,0,0,0,0,0,1,0,0,0,0,0,0,0,0,0,0,0,0,0,0,0,0,0,0,0,0,0,0,0,0,0,0,0,0,0,0,0,0,0,0,0,0,0,2,0,0,0,0,0,0,0,0,0,0,0,0,0,0,0,0,0,0,0,0,0,0,0,0,0,0,0,0,0,0,0,0,0,0,0,0,0,0,0,0,0,0,0,0,0,0,0,0,0,0,0,0,0,0,0,0,0,0,0,0,0,0,0,0,0,0,0,0,0,0,0,0,0,0,0,0,0,0,0,0,0,0,0,0,0,0,0,0,0,0,0,0,0,0,0,0,0,0,0,0,0,0,0,0,0,0,0,0,0,0,0,0,0,0,0,0,0,0,0,1,0,0,0,0,0,0,0,0,0,0,0,0,0,0,0,0,0,0,0,0,0,0,0,0,0,0,0,0,0,0,0,0,0,0,0,0,0,0,0,0,0,0,0,0,0,0,0,0,0,0,0,0,0,0,0,0,0,0,0,0,0,0,0,0,0,0,0,0,0,0,0,0,0,0,0,0,0,0,0,0,0,0,0
Relapsing Fever,0,0,0,0,0,0,0,0,0,0,0,0,0,0,0,0,0,0,0,0,0,0,0,0,0,0,0,0,0,0,0,0,0,0,0,0,0,0,0,0,0,0,0,0,0,0,0,0,0,0,0,0,0,0,0,0,0,0,0,0,0,0,0,0,0,0,0,0,0,0,0,0,0,0,0,0,0,0,0,0,0,0,0,0,0,0,0,0,0,0,0,0,0,0,0,21,0,0,0,0,0,0,0,0,0,0,0,0,0,0,0,0,0,0,0,0,0,0,0,0,0,0,0,0,0,0,0,0,0,0,0,0,0,0,0,0,0,0,0,0,0,0,0,0,0,0,0,0,0,0,0,0,0,0,0,0,0,0,0,0,0,0,0,0,0,0,0,0,0,0,0,0,0,0,0,0,0,0,0,0,0,0,0,0,0,0,0,0,0,0,0,0,0,0,0,0,0,0,0,0,0,0,0,0,0,0,0,0,0,0,0,0,0,0,0,0,0,0,0,0,0,0,0,0,0,0,0,0,0,0,0,0,0,0,0,0,0,0,0,0,0,0,0,0,0,0,0,0,0,0,0,0,0,0,0,0,0,0,0,0,0,0,0,0,0,0,0,0,0,0,0,0,0,0,0,0,0,0,0,0,0,0,0,0,0,0,0,0,0,0,0,0,0,0,0,0,0,0,0
Rubella,155,170,325,841,1227,1449,611,100,45,19,9,7,3,4,2,6,2,0,5,3,3,4,0,1,3,4,9,4,7,4,7,1,2,3,5,3,10,89,459,878,633,155,47,31,11,6,13,6,8,4,3,7,4,9,3,3,1,4,2,3,5,4,5,5,2,5,2,1,2,3,2,0,3,2,0,3,0,0,1,2,1,2,2,3,2,1,2,2,1,3,3,0,0,1,5,2,1,6,6,4,8,4,7,4,8,3,1,1,0,5,2,7,2,3,2,1,1,1,5,5,7,4,1,6,4,4,2,7,0,0,2,1,,,,,,,,,,,,,,,,,,,,,,,,,,,,,,,,,,,,,,,,,,,,,,,,,,,,,,,,,,,,,,,,,,,,,,,,,,,,,,,,,,,,,,,,,,,,,,,,,,,,,,,,,,,,,,,,,,,,,,,,,,,,,,,,,,,,,,,,,,,,,,,,,,,,,,,,,,,,,,,,,,,,,,,
Rubella and congenital rubella syndrome - Rubella,,,,,,,,,,,,,,,,,,,,,,,,,,,,,,,,,,,,,,,,,,,,,,,,,,,,,,,,,,,,,,,,,,,,,,,,,,,,,,,,,,,,,,,,,,,,,,,,,,,,,,,,,,,,,,,,,,,,,,,,,,,,,,,,,,,,,2,1,7,3,5,3,6,2,2,3,2,2,2,6,13,1,2,4,2,3,3,5,1,0,0,3,3,3,5,4,6,5,2,4,2,1,3,2,10,9,11,6,4,11,3,17,6,2,5,7,2,7,9,2,1,1,4,1,1,4,3,3,4,2,3,2,2,0,0,3,1,2,1,1,0,2,6,1,1,0,1,0,0,1,1,1,0,1,3,1,2,1,2,0,0,0,0,0,0,0,0,1,0,0,0,1,0,1,0,0,0,0,0,0,0,0,0,0,0,0,1,0,1,0,1,2,1,0,0,0,2,3,1,4,8,11,9,8,3,2,0,0,1,1,1,0,2,0,0,0,1,0,0,0,0,0,0,0,0,0,0,1,0,0,0,0,1
Rubella and congenital rubella syndrome - Congenital rubella syndrome,,,,,,,,,,,,,,,,,,,,,,,,,,,,,,,,,,,,,,,,,,,,,,,,,,,,,,,,,,,,,,,,,,,,,,,,,,,,,,,,,,,,,,,,,,,,,,,,,,,,,,,,,,,,,,,,,,,,,,,,,,,,,,,,,,,,,,,,,,,0,0,0,0,0,1,0,0,0,0,0,0,0,0,0,0,0,0,0,0,0,0,0,0,0,0,0,0,0,0,0,0,0,0,0,0,0,0,0,0,0,0,1,2,0,0,0,0,0,0,0,0,0,0,0,0,0,0,0,0,0,0,0,0,0,0,0,0,0,0,0,0,0,0,0,0,0,0,0,0,0,0,0,0,0,0,0,0,0,0,0,0,0,0,0,0,0,0,0,0,0,0,0,0,0,0,0,0,0,0,0,0,0,0,0,0,0,0,0,0,0,0,0,0,0,0,0,0,0,0,0,0,0,0,0,0,0,1,0,0,0,0,0,0,0,0,0,0,0,0,0,0,0,0,0,0,0,0,0,0,0
Scarlet Fever,9,7,9,3,11,5,13,4,6,5,1,4,6,3,2,1,0,0,1,1,1,2,2,8,6,13,7,5,23,22,9,12,4,7,7,11,20,7,17,16,11,16,9,7,6,3,3,8,10,9,22,12,11,14,15,17,14,8,10,5,7,19,6,9,13,11,7,6,8,10,12,11,15,12,12,5,1,2,1,2,3,3,1,6,2,8,9,4,7,17,18,6,6,13,16,0,19,14,24,14,16,13,17,13,9,6,12,20,24,21,33,19,20,20,24,13,9,11,16,20,30,15,16,16,25,19,13,6,6,14,19,45,25,19,37,24,20,20,27,10,13,9,16,15,29,15,22,30,32,12,9,6,12,6,7,7,11,12,11,7,9,8,7,4,10,8,14,27,34,24,43,73,100,407,296,93,86,70,141,159,171,211,219,124,123,159,102,45,36,65,131,114,124,68,123,71,108,101,72,33,58,75,104,163,180,98,121,86,135,134,98,43,54,72,102,115,140,114,83,86,115,136,88,35,73,78,112,150,104,97,114,88,148,176,94,43,79,119,182,222,176,166,248,186,203,223,177,56,91,153,263,411,408,179,150,124,167,196,153,68,97,162,205,189,163,88,139,119,137,152,114,63,83,138,155,251,158,20,4,7,7,6,12,8,13,7,12,8,7,5,6,6,8,10,6,4,5,8,12
Tetanus,0,2,0,0,1,0,0,0,2,0,3,0,0,0,3,0,0,0,0,0,0,0,0,0,1,0,0,0,1,1,1,0,1,0,1,1,0,0,2,0,1,1,0,1,0,1,1,0,0,0,1,0,1,0,1,1,0,0,0,0,0,0,0,0,0,0,0,1,0,0,1,0,0,1,1,0,0,0,0,0,0,1,0,0,0,0,0,0,0,1,1,0,1,0,0,0,0,0,0,0,0,0,0,0,0,0,0,0,0,0,0,0,0,0,0,1,0,0,1,0,0,0,0,0,0,0,0,0,0,0,1,0,0,0,0,0,0,0,0,0,0,0,0,0,1,0,0,0,0,0,0,0,0,0,0,0,0,0,0,0,0,0,0,0,0,0,0,0,0,0,0,0,0,0,0,0,0,0,1,0,0,0,1,0,0,0,0,1,1,0,0,0,0,0,0,0,0,0,0,0,0,0,0,0,0,0,0,0,0,0,0,0,0,0,0,0,0,0,0,1,0,0,0,0,0,0,0,0,0,0,0,0,0,0,0,0,0,0,0,0,0,0,1,0,0,0,0,0,0,0,0,0,0,0,0,0,0,0,0,0,0,0,0,0,0,0,0,0,0,0,0,0,0,0,0,0,0,0,0,0,0,0,0,0,0,0,0,0,0,0,0,0,0,0,0,0,0,0,0
Tuberculosis,454,384,584,586,808,628,610,736,544,621,640,477,499,535,591,594,808,641,550,772,583,677,696,727,578,507,549,665,688,680,734,618,593,682,643,575,542,514,669,575,680,729,697,735,628,595,593,621,503,516,670,565,713,651,592,693,587,654,560,558,527,438,530,596,540,509,652,599,551,579,486,595,437,449,606,466,464,550,515,513,451,553,500,520,435,447,585,388,542,523,586,593,520,542,560,3,494,427,527,556,565,568,599,537,521,463,493,410,432,428,525,420,510,548,509,546,533,429,481,405,422,381,526,443,544,459,456,516,405,489,463,359,497,345,415,531,441,489,588,473,506,473,424,453,362,445,462,492,431,489,471,437,443,367,397,397,363,349,486,394,416,487,453,421,433,456,419,416,364,338,467,360,426,415,394,450,393,368,434,385,334,380,387,391,445,459,505,449,387,396,410,315,364,305,366,414,445,385,428,425,422,410,353,347,354,305,426,428,407,423,416,378,418,364,403,383,359,274,362,354,371,427,394,369,337,365,412,394,336,295,348,408,403,388,368,393,352,349,370,336,323,335,348,364,357,384,380,377,371,325,370,316,355,292,398,356,368,403,346,399,293,378,384,296,339,280,358,327,395,311,369,340,344,326,319,295,279,278,287,278,313,361,317,300,352,307,332,295,300,294,336,344,351,325,359,329,354,309,356
Typhoid Fever,6,9,10,8,7,3,7,8,3,1,3,6,12,10,6,5,7,5,4,5,8,1,5,1,6,3,6,4,8,9,12,7,7,4,3,3,5,4,10,11,7,7,23,11,13,9,3,2,2,7,7,1,11,5,13,4,6,5,3,3,2,2,1,4,6,6,14,4,4,10,5,9,10,6,6,4,5,4,3,3,5,3,0,0,2,3,4,6,7,3,4,3,11,3,4,19,1,3,3,2,2,2,3,2,3,0,4,11,8,4,3,2,4,6,4,1,6,4,3,1,6,2,8,5,6,2,1,5,5,4,1,1,2,1,3,5,5,7,2,6,2,2,1,2,4,4,3,3,8,12,22,9,12,5,1,6,3,0,4,1,3,3,5,2,6,1,0,1,1,6,2,1,5,0,2,3,3,2,4,5,3,4,6,3,2,2,1,0,3,0,1,0,3,1,0,12,4,2,1,3,3,2,1,1,4,4,0,0,1,4,0,5,3,3,1,2,3,2,5,4,3,1,2,3,4,2,1,1,3,2,0,0,1,1,1,4,2,0,0,0,1,2,3,0,2,4,0,1,4,2,2,0,0,0,3,2,2,3,3,2,4,0,1,1,4,2,0,2,2,2,1,2,2,1,1,1,5,0,0,2,1,0,2,0,1,0,1,0,1,0,0,1,2,1,1,0,1,2,1
Typhus Fever,1,0,0,0,0,0,1,2,2,0,0,2,0,0,1,0,0,1,3,0,0,3,0,0,1,0,1,0,1,0,3,6,6,5,1,2,0,0,0,0,0,1,0,1,0,0,2,0,0,0,1,0,0,1,2,1,1,0,1,0,0,0,0,1,0,2,1,2,4,1,2,0,0,0,0,0,0,1,1,1,0,4,5,2,0,0,1,0,0,4,3,2,1,1,3,0,,,,,,,,,,,,,,,,,,,,,,,,,,,,,,,,,,,,,,,,,,,,,,,,,,,,,,,,,,,,,,,,,,,,,,,,,,,,,,,,,,,,,,,,,,,,,,,,,,,,,,,,,,,,,,,,,,,,,,,,,,,,,,,,,,,,,,,,,,,,,,,,,,,,,,,,,,,,,,,,,,,,,,,,,,,,,,,,,,,,,,,,,,,,,,,,,,,,,,,,,,,
Typhus and other rickettsial diseases - Scrub typhus,,,,,,,,,,,,,,,,,,,,,,,,,,,,,,,,,,,,,,,,,,,,,,,,,,,,,,,,,,,,,,,,,,,,,,,,,,,,,,,,,,,,,,,,,,,,,,,,,0,3,0,0,0,5,4,7,2,6,2,1,1,0,0,1,0,5,1,6,3,1,2,0,0,0,1,0,0,4,2,2,2,3,1,0,0,2,0,1,0,2,4,2,4,3,1,0,0,1,0,2,1,1,3,5,4,2,1,0,0,1,2,0,3,3,0,4,0,1,3,0,0,0,0,0,0,0,1,1,0,2,1,2,0,1,2,0,1,7,3,4,1,2,0,2,2,2,6,0,0,5,4,1,3,3,2,0,0,1,2,0,0,4,6,1,2,1,2,0,1,0,3,0,0,2,1,2,0,8,0,1,0,0,0,0,2,8,2,1,2,2,4,0,2,1,2,1,0,7,3,3,1,4,2,1,0,1,3,0,1,2,1,6,1,0,1,1,1,1,0,0,2,4,4,0,1,0,0,1,1,0,1,0,1,5,7,5,1,4,1,3,0,2,0,2,0,3,4,3,2,3,3
Typhus and other rickettsial diseases - Urban typhus,,,,,,,,,,,,,,,,,,,,,,,,,,,,,,,,,,,,,,,,,,,,,,,,,,,,,,,,,,,,,,,,,,,,,,,,,,,,,,,,,,,,,,,,,,,,,,,,,0,0,0,1,1,2,1,2,0,0,1,0,0,0,1,1,0,0,0,0,1,0,1,0,0,0,0,0,1,0,0,0,0,2,0,0,0,0,0,0,1,0,0,0,0,0,0,0,1,0,0,0,0,0,0,0,1,1,2,0,0,0,1,0,0,0,0,0,0,0,1,0,0,0,0,0,0,0,0,0,0,2,0,0,0,0,0,0,0,0,0,0,1,0,1,1,0,0,0,0,0,1,0,0,0,0,0,0,0,0,1,0,0,1,0,0,0,0,0,0,0,0,0,0,0,0,1,0,1,1,1,0,0,0,0,0,0,2,1,0,0,1,1,0,0,0,0,0,0,0,1,1,0,0,0,0,0,0,0,0,0,0,1,1,1,0,3,1,0,1,2,0,0,0,0,0,0,0,0,0,0,0,0,0,0,0,0,0,0,0,0,0,0,0,0,0,0,0,0,0,1,0,0
Typhus and other rickettsial diseases - Spotted fever,,,,,,,,,,,,,,,,,,,,,,,,,,,,,,,,,,,,,,,,,,,,,,,,,,,,,,,,,,,,,,,,,,,,,,,,,,,,,,,,,,,,,,,,,,,,,,,,,,,,,,,,,,,,,,,,,,,,,,,,,,,,,,,,,,,,,,,,,,,1,3,3,3,4,1,2,1,1,2,0,1,4,0,1,1,0,0,2,1,1,1,0,6,2,2,0,2,2,3,1,0,1,0,2,2,2,3,3,2,1,3,2,0,0,0,0,1,1,2,1,0,2,1,0,0,2,1,5,0,3,3,4,1,1,2,0,0,0,1,1,1,1,1,3,2,5,2,0,0,1,2,0,2,2,3,0,1,3,2,1,0,1,1,2,5,2,3,3,0,2,3,1,0,1,1,3,2,1,2,0,0,2,0,2,0,1,1,3,2,1,2,1,1,4,4,5,2,0,3,5,5,2,1,1,4,2,4,3,1,0,0,1,4,1,1,2,0,3,2,1,1,1,4,5,1,4,1,0,0,3
Typhus and other rickettsial diseases - Unclassified,,,,,,,,,,,,,,,,,,,,,,,,,,,,,,,,,,,,,,,,,,,,,,,,,,,,,,,,,,,,,,,,,,,,,,,,,,,,,,,,,,,,,,,,,,,,,,,,,,,,,,,,,,,,,,,,,,,,,,,,,,,,,,,,,,,,,,,,,,,,,,,,,0,0,0,0,0,1,0,1,0,0,0,0,0,0,0,0,0,0,0,0,1,1,1,0,0,0,0,0,2,0,0,1,0,0,6,1,0,0,1,1,0,2,1,1,0,1,1,0,0,0,0,0,1,1,1,0,0,1,2,0,0,0,0,1,3,0,1,1,1,0,0,0,0,0,0,0,1,1,1,3,0,0,1,0,1,0,0,0,0,0,0,1,0,0,2,0,0,0,0,0,0,0,2,1,0,0,0,1,0,0,0,0,0,0,0,1,0,0,1,0,0,0,0,0,1,0,0,0,0,0,0,0,0,0,0,0,0,1,0,1,0,0,0,0,0,0,0,0,0,1,2,1,0,0,1
Viral Hepatitis - A,51,56,57,58,75,56,33,29,19,31,61,69,86,77,103,49,23,16,16,10,13,10,28,43,72,72,57,38,54,27,16,17,16,12,13,32,60,91,88,61,74,23,9,12,17,14,12,44,105,85,75,65,60,22,14,16,19,7,7,19,37,67,50,31,17,19,12,6,14,6,4,4,3,11,16,4,5,14,7,15,7,9,11,5,5,8,42,15,10,7,9,2,5,8,5,0,8,12,8,11,4,0,2,3,7,6,0,3,4,10,6,4,10,3,5,8,12,4,4,6,8,7,7,8,8,1,4,6,6,2,2,10,5,6,5,7,7,4,8,5,10,9,5,0,5,3,8,10,6,7,9,5,1,6,1,3,4,5,9,4,3,5,4,6,7,5,9,4,5,9,5,4,4,2,2,4,5,3,3,0,6,3,3,2,4,3,1,6,5,2,4,4,2,4,6,3,5,2,5,0,4,3,4,6,1,4,7,4,3,3,4,2,4,4,7,3,5,20,24,34,11,15,4,1,8,6,5,5,7,8,6,6,9,14,5,9,10,6,10,8,14,15,14,7,14,8,6,12,8,13,5,1,4,3,4,5,4,1,2,3,3,12,6,3,1,9,9,7,9,5,4,10,7,7,4,7,2,2,2,2,2,7,3,0,1,1,5,1,2,1,2,0,2,0,3,0,1,0,1
Viral Hepatitis - B,16,7,4,7,8,6,7,2,13,9,11,10,11,4,10,10,7,18,13,9,22,13,13,15,15,13,24,7,14,6,8,12,10,15,20,8,6,7,9,10,14,9,6,8,13,23,18,14,9,9,8,16,13,14,12,11,16,9,11,6,13,4,11,9,8,12,14,10,7,16,12,5,15,5,6,6,3,8,4,7,9,14,9,12,11,8,13,9,14,15,18,7,11,9,10,505,7,9,13,9,4,8,9,11,10,8,10,7,11,6,13,7,13,6,9,10,21,10,15,2,2,3,6,9,13,8,7,4,6,5,7,4,5,5,3,6,7,4,7,11,9,10,4,12,13,4,7,8,5,8,5,12,5,6,2,5,7,4,4,8,10,7,5,5,9,1,7,6,16,4,2,5,6,3,7,10,2,4,5,6,6,5,2,3,3,4,5,5,5,5,3,1,9,0,2,4,5,4,1,5,4,1,4,1,3,5,5,1,8,3,2,3,4,4,3,0,7,0,1,2,2,1,2,1,6,3,0,4,1,1,2,4,7,7,3,4,3,1,1,3,4,2,4,2,4,2,3,5,2,0,2,3,2,0,0,2,6,3,5,3,2,2,1,3,5,2,4,2,3,1,0,2,3,1,3,2,1,4,1,3,1,2,3,0,0,0,1,1,0,0,3,0,0,3,4,2,1,4,1
Viral Hepatitis - C,0,0,0,0,0,0,0,0,0,0,0,0,0,0,0,0,0,0,0,0,0,0,0,0,0,0,0,0,0,0,0,0,0,0,0,0,0,0,0,0,0,0,0,0,0,0,0,0,0,0,0,0,0,0,0,0,0,0,0,0,0,0,0,0,2,0,1,0,1,0,0,0,0,0,0,0,0,0,0,0,0,0,0,0,0,0,0,0,0,0,0,0,0,0,0,3,0,0,0,0,0,0,0,0,0,0,1,0,0,0,0,0,0,0,1,0,1,0,0,0,0,0,0,0,0,0,1,0,0,0,0,0,0,0,0,0,0,0,1,1,0,0,1,0,0,0,0,0,0,0,1,0,1,0,0,1,2,0,2,1,0,0,2,1,1,0,1,1,0,0,1,2,0,0,2,0,0,0,0,0,1,0,0,0,0,1,0,1,0,0,0,0,1,0,1,0,0,0,0,0,4,3,0,1,0,3,3,1,1,0,3,0,0,1,0,0,1,1,3,0,0,4,1,1,1,1,0,1,2,1,4,7,4,3,2,2,4,0,4,6,2,2,2,0,1,1,1,3,1,0,3,2,4,2,3,1,4,4,2,3,2,5,1,3,1,1,4,1,1,2,0,1,1,2,1,2,1,1,3,2,2,1,3,5,6,3,5,3,3,2,1,2,0,2,5,1,1,2,1
Viral Hepatitis - D,,,,,,,,,,,,,,,,,,,,,,,,,,,,,,,,,,,,,,,,,,,,,,,,,,,,,,,,,,,,,,,,,,,,,,,,,,,,,,,,,,,,,,,,,,,,,,,,,,,,,,,,,,,,,,,,,,,,,,,,,,,,,,,,,,,,,,,,,,,,,,,,,,,,,,,,,,,,,,,,,,,,,,,,,,,,,,,,,,,,,,,,,,,,,,,,,,,,,,,,,,,,,,,,,,,,,,,,,,,,,,,,,,,,,,,,,,,,,,,,,,,,,,,,,,,,,,,,,,,,,,,,,,,,,,,,,,,,,0,0,0,0,0,0,0,0,0,0,1,0,0,0,0,0,0,0,0,1,0,0,0
Viral Hepatitis - E,1,0,0,0,0,0,0,0,0,0,2,1,0,1,5,2,0,6,0,0,0,0,1,1,1,0,1,3,2,0,0,1,0,0,0,0,2,0,1,0,1,0,0,0,1,2,3,1,4,4,5,3,0,2,1,1,0,1,3,2,1,1,4,4,6,4,2,0,1,1,3,1,2,2,4,1,3,2,1,1,0,1,0,2,5,5,5,2,5,3,2,4,1,1,2,3,2,7,4,8,2,2,1,2,3,2,1,0,2,5,9,1,2,2,4,1,2,3,2,1,5,6,12,8,7,3,2,5,4,4,6,3,14,5,13,19,8,7,7,4,6,3,2,2,4,17,7,8,5,1,3,6,6,3,3,10,11,18,20,8,5,7,11,5,7,7,8,11,12,11,23,15,15,5,2,10,5,6,6,9,9,35,28,10,18,10,9,4,1,6,9,11,7,15,9,11,4,2,7,3,7,9,7,9,8,16,17,9,5,5,9,5,6,2,3,8,6,6,23,10,9,5,5,2,4,6,2,6,14,10,15,11,14,8,8,3,2,2,2,7,14,7,5,6,9,7,2,1,3,2,3,5,4,6,5,2,3,3,6,2,2,5,3,2,5,9,8,4,7,9,4,12,2,15,8,2,9,6,7,5,4,10,4,6,16,7,5,1,4,6,3,4,4,4,5,7,6,14,11
Viral Hepatitis - Unclassified,1,2,6,3,2,3,5,5,2,2,2,4,6,1,3,2,2,5,1,0,4,3,1,1,6,1,6,4,0,1,1,5,2,2,2,1,3,1,1,5,5,2,4,3,2,1,0,3,4,2,3,3,5,1,0,1,1,0,1,2,0,1,1,3,2,1,1,0,0,1,0,0,1,0,2,0,0,0,0,1,1,1,1,1,0,2,2,0,0,1,0,0,0,1,0,5,0,0,0,0,0,0,0,0,0,0,0,0,0,0,0,0,0,0,0,0,0,0,0,0,0,0,0,0,0,0,0,0,0,0,0,0,,,,,,,,,,,,,,,,,,,,,,,,,,,,,,,,,,,,,,,,,,,,,,,,,,,,,,,,,,,,,,,,,,,,,,,,,,,,,,,,,,,,,,,,,,,,,,,,,,,,,,,,,,,,,,,,,,,,,,,,,,,,,,,,,,,,,,,,,,,,,,,,,,,,,,,,,,,,,,,,,,,,,,,
Whooping Cough,0,2,1,2,3,0,0,0,0,2,1,1,0,0,1,0,1,0,0,0,0,0,0,1,0,0,2,1,1,1,0,0,0,0,0,0,1,1,1,0,2,0,3,1,0,2,0,0,0,0,0,4,5,1,0,2,1,1,1,0,0,1,2,3,7,4,2,1,0,0,1,2,0,0,4,0,0,0,1,0,0,0,0,0,0,0,0,1,5,0,1,1,0,0,1,9,1,1,4,7,4,4,1,6,1,0,1,2,2,8,3,1,0,2,1,1,2,0,1,0,2,3,2,3,6,6,0,2,2,0,3,2,2,8,2,5,1,1,2,0,1,1,1,1,2,1,1,3,4,1,2,1,0,0,0,0,1,0,0,0,0,0,1,2,0,0,0,1,0,4,1,0,6,3,2,3,1,0,0,3,3,0,1,0,4,2,4,2,3,0,0,1,3,8,0,0,1,2,2,1,3,0,0,0,2,0,2,3,2,1,3,2,2,8,3,2,4,8,7,6,3,3,4,6,1,2,1,5,2,5,5,2,3,3,3,2,2,1,2,1,6,4,6,10,8,6,9,9,0,0,2,9,5,9,19,6,9,8,5,10,14,10,4,11,9,10,13,8,8,8,9,8,9,7,3,4,12,2,6,0,0,2,0,0,0,0,0,0,0,0,0,0,0,1,0,0,0,0,0
Chickenpox,,,,,,,,,,,,,,,,,,,,,,,,,,824,1625,1137,1322,1652,1365,537,339,479,810,800,1233,686,664,550,499,574,740,464,331,537,1062,1216,1484,1178,1150,868,1119,1424,1714,856,666,1205,2141,2667,2692,1712,1813,1333,1280,1512,1560,583,411,848,1414,1569,1376,1084,783,265,214,94,149,145,242,495,864,1069,965,1091,966,704,818,1181,1105,532,393,828,1347,1,2198,1416,1042,766,661,953,988,490,432,611,1000,1373,1254,943,986,819,900,1225,1071,585,595,1149,2202,2685,3357,2263,1833,1194,1290,1331,1069,521,533,1126,1554,1862,1756,1052,670,509,516,592,666,328,351,656,862,968,909,783,616,620,673,704,339,246,249,319,571,747,789,563,723,657,937,1280,1045,581,634,1042,1632,1712,1754,996,988,889,1097,1650,1449,780,565,858,1337,1270,1131,679,558,413,587,720,601,451,390,745,1161,1153,1101,765,746,658,859,1056,1042,599,517,926,1316,1341,1082,745,584,551,595,605,703,413,373,544,820,785,853,522,497,549,666,963,802,470,478,847,1033,1066,925,553,497,441,578,785,670,399,548,911,1194,1378,1076,752,787,806,863,1143,860,422,360,548,893,837,756,399,412,499,581,710,550,354,466,914,1041,909,809,510,473,552,641,679,599,305,323,505,745,757,677,170,111,95,95,130,103,80,84,153,156,133,82,104,146,124,149,121,119,126,134,148,178
SARS,,,,,,,,,,,,,,,,,,,,,,,,,,,,,,,,,,,,,,,,,,,,,,,,,,,,,,,,,,,,,,,,,,,,,,,,,,,610,979,150,16,0,0,0,0,0,0,0,0,0,0,0,0,0,0,0,0,0,3,0,0,0,0,0,0,0,0,0,0,0,0,0,0,0,0,0,0,0,0,0,0,0,0,0,0,0,0,0,0,0,0,0,0,0,0,0,0,0,0,0,0,0,0,0,0,0,0,0,0,0,0,0,0,0,0,0,0,0,0,0,0,0,0,0,0,0,0,0,0,0,0,0,0,0,0,0,0,0,0,0,0,0,0,0,0,0,0,0,0,0,0,0,0,0,0,0,0,0,0,0,0,0,0,0,0,0,0,0,0,0,0,0,0,0,0,0,0,0,0,0,0,0,0,0,0,0,0,0,0,0,0,0,0,0,0,0,0,0,0,0,0,0,0,0,0,0,0,0,0,0,0,0,0,0,0,0,0,0,0,0,0,0,0,0,0,0,0,0,0,0,0,0,0,0,0,0,0,0,0,0,0,0,0,0,0,0,0,0,0,0,0,0,0,0,0,0,0,0,0,0,0,0
SARS associated with Novel Coronavirus,,,,,,,,,,,,,,,,,,,,,,,,,,,,,,,,,,,,,,,,,,,,,,,,,,,,,,,,,,,,,,,,,,,,,,,,,,,,,,,,,,,,,,,,,,,,,,,,,,,,,,,,,,,,,,,,,,,,,,,,,,,,,,,,,,,,,,,,,,,,,,,,,,,,,,,,,,,,,,,,,,,,,,,,,,,,,,,,,,,,,,,,,,,,,0,0,0,0,,,,,,,,,,,,,,,,,,,,,,,,,,,,,,,,,,,,,,,,,,,,,,,,,,,,,,,,,,,,,,,,,,,,,,,,,,,,,,,,,,,,,,,,,,,,,,,,,,,,,,,,,,,
"Influenza A(H5), A(H7) or A(H9)",,,,,,,,,,,,,,,,,,,,,,,,,,,,,,,,,,,,,,,,,,,,,,,,,,,,,,,,,,,,,,,,,,,,,,,,,,,,,,,,,,,,,0,0,0,0,0,0,0,0,0,0,0,0,0,0,0,0,0,0,0,0,0,0,0,0,0,0,0,0,0,0,0,0,0,0,0,0,0,0,1,0,0,0,0,0,0,0,0,0,0,0,0,0,0,0,0,0,0,0,0,1,,,,,,,,,,,,,,,,,,,,,,,,,,,,,,,,,,,,,,,,,,,,,,,,,,,,,,,,,,,,,,,,,,,,,,,,,,,,,,,,,,,,,,,,,,,,,,,,,,,,,,,,,,,,,,,,,,,,,,,,,,,,,,,,,,,,,,,,,,,,,,,,,,,,,,,,,,,
Influenza A - Influenza A (H2) ,,,,,,,,,,,,,,,,,,,,,,,,,,,,,,,,,,,,,,,,,,,,,,,,,,,,,,,,,,,,,,,,,,,,,,,,,,,,,,,,,,,,,,,,,,,,,,,,,,,,,,,,,,,,,,,,,,,,,,,,,,,,,,,,,,,,,,,,,,,,,,,,,0,0,0,0,0,0,0,0,0,0,0,0,0,0,0,0,0,0,0,0,0,0,0,0,0,0,0,0,0,0,0,0,0,0,0,0,0,0,0,0,0,0,0,0,0,0,0,0,0,0,0,0,0,0,0,0,0,0,0,0,,,,,,,,,,,,,,,,,,,,,,,,,,,,,,,,,,,,,,,,,,,,,,,,,,,,,,,,,,,,,,,,,,,,,,,,,,,,,,,,,,,,,,,,,,,,,,,
Influenza A - Variant Influenza A (H3N2),,,,,,,,,,,,,,,,,,,,,,,,,,,,,,,,,,,,,,,,,,,,,,,,,,,,,,,,,,,,,,,,,,,,,,,,,,,,,,,,,,,,,,,,,,,,,,,,,,,,,,,,,,,,,,,,,,,,,,,,,,,,,,,,,,,,,,,,,,,,,,,,,,,,,,,,,,,,,,,,,,,,,,,,,,,,,,,,,,,,,,,,,,,,0,0,0,0,0,0,0,0,0,0,0,0,0,0,0,0,0,0,0,0,0,0,0,0,0,0,0,0,0,0,0,0,0,0,0,0,0,0,0,0,0,0,0,0,0,0,0,0,0,0,0,0,0,0,0,0,0,0,0,0,0,0,0,0,0,0,0,0,0,0,0,0,0,0,0,0,0,0,0,0,0,0,0,0,0,0,0,0,0,0,0,0,0,0,0,0,0,0,0,0,0,0,0,0,0,0,0,0,0,0,0,0
Influenza A - Influenza A (H5),,,,,,,,,,,,,,,,,,,,,,,,,,,,,,,,,,,,,,,,,,,,,,,,,,,,,,,,,,,,,,,,,,,,,,,,,,,,,,,,,,,,,,,,,,,,,,,,,,,,,,,,,,,,,,,,,,,,,,,,,,,,,,,,,,,,,,,,,,,,,,,,,0,0,0,0,0,0,0,0,0,0,0,0,0,0,0,0,0,0,0,0,0,0,1,0,0,0,0,0,0,0,0,0,0,0,0,0,0,0,0,0,0,1,0,0,0,0,0,0,0,0,0,0,0,0,0,0,0,0,0,0,0,0,0,0,0,0,0,0,0,0,0,0,0,0,0,0,0,0,0,0,0,0,0,0,0,0,0,0,0,0,0,0,0,0,0,0,0,0,0,0,0,0,0,0,0,0,0,0,0,0,0,0,0,0,0,0,0,0,0,0,0,0,0,0,0,0,0,0,0,0,0,0,0,0,0,0,0,0,0,0,0,0,0,0,0,0,0,0,0,0,0,0,0,0,0
Influenza A - Influenza A (H7),,,,,,,,,,,,,,,,,,,,,,,,,,,,,,,,,,,,,,,,,,,,,,,,,,,,,,,,,,,,,,,,,,,,,,,,,,,,,,,,,,,,,,,,,,,,,,,,,,,,,,,,,,,,,,,,,,,,,,,,,,,,,,,,,,,,,,,,,,,,,,,,,0,0,0,0,0,0,0,0,0,0,0,0,0,0,0,0,0,0,0,0,0,0,0,0,0,0,0,0,0,0,0,0,0,0,0,0,0,0,0,0,0,0,0,0,0,0,0,0,0,0,0,0,0,0,0,0,0,0,0,2,2,1,2,3,0,0,0,0,0,0,0,1,1,1,0,0,0,0,0,0,0,0,0,0,0,1,1,1,0,0,0,0,0,0,0,2,2,0,1,0,0,0,0,0,0,0,0,0,0,0,0,0,0,0,0,0,0,0,0,0,0,0,0,0,0,0,0,0,0,0,0,0,0,0,0,0,0,0,0,0,0,0,0,0,0,0,0,0,0,0,0,0,0,0,0
Influenza A - Influenza A (H9) ,,,,,,,,,,,,,,,,,,,,,,,,,,,,,,,,,,,,,,,,,,,,,,,,,,,,,,,,,,,,,,,,,,,,,,,,,,,,,,,,,,,,,,,,,,,,,,,,,,,,,,,,,,,,,,,,,,,,,,,,,,,,,,,,,,,,,,,,,,,,,,,,,0,0,0,0,0,0,0,0,0,0,1,1,0,0,0,0,0,0,0,0,0,0,0,0,0,0,0,0,0,0,0,0,0,0,0,0,0,0,0,0,0,0,0,0,0,0,0,0,0,0,0,0,0,0,0,0,0,0,0,1,,,,,,,,,,,,,,,,,,,,,,,,,,,,,,,,,,,,,,,,,,,,,,,,,,,,,,,,,,,,,,,,,,,,,,,,,,,,,,,,,,,,,,,,,,,,,,,
Influenza A - Swine Influenza ,,,,,,,,,,,,,,,,,,,,,,,,,,,,,,,,,,,,,,,,,,,,,,,,,,,,,,,,,,,,,,,,,,,,,,,,,,,,,,,,,,,,,,,,,,,,,,,,,,,,,,,,,,,,,,,,,,,,,,,,,,,,,,,,,,,,,,,,,,,,,,,,,,,,0,23,762,2887,8135,16090,3780,901,1596,1092,469,573,148,104,26,79,151,71,9,,,,,,,,,,,,,,,,,,,,,,,,,,,,,,,,,,,,,,,,,,,,,,,,,,,,,,,,,,,,,,,,,,,,,,,,,,,,,,,,,,,,,,,,,,,,,,,,,,,,,,,,,,,,,,,,,,,,,,,,,,,,,,,,,,,,,
Influenza A - others,,,,,,,,,,,,,,,,,,,,,,,,,,,,,,,,,,,,,,,,,,,,,,,,,,,,,,,,,,,,,,,,,,,,,,,,,,,,,,,,,,,,,,,,,,,,,,,,,,,,,,,,,,,,,,,,,,,,,,,,,,,,,,,,,,,,,,,,,,,,,,,,,,,,,,,,,,,,,,,,,,,,,,,,,,,,,,,,,,,,,,,,,,,,,,,,,,,,,,,,,,,,,0,0,0,0,0,0,0,0,0,0,0,0,0,0,0,0,0,0,0,0,0,0,0,0,0,0,0,0,0,0,0,0,0,0,0,0,0,0,0,0,0,0,0,0,0,0,0,0,0,0,0,0,0,0,0,0,0,0,0,0,0,0,0,0,0,0,0,0,0,0,0,0,0,1,0,0,0,0,0,0,0,0,0,0,0,0,0,0,0,0,0,0,0,0,0
Japanese Encephalitis,,,,,,,,,,,,,,,,,,,,,,,,,,,,,,,,,,,,,,,,,,,,,,,,,,,,,,,,,,,,,,,,,,,,,,,,,,,,,,,,,,,,,0,0,0,0,0,2,1,0,0,1,1,1,0,0,0,0,0,0,1,1,0,0,0,0,0,0,0,0,0,0,0,0,0,0,0,0,0,0,0,0,0,0,1,0,1,0,0,0,0,0,0,0,0,0,0,0,0,0,0,0,0,0,0,0,0,0,0,0,0,0,0,0,0,0,0,0,0,0,0,0,0,0,0,0,0,0,0,0,0,0,0,1,0,0,0,0,0,0,0,0,0,0,1,1,0,1,0,0,0,0,0,0,0,0,2,0,1,1,2,0,0,0,0,0,0,1,3,1,0,0,0,0,0,0,0,0,0,1,1,0,0,0,0,0,0,0,0,0,0,0,1,1,0,0,0,0,0,0,0,0,0,2,1,1,0,1,0,0,0,0,0,0,0,0,0,0,0,0,0,0,0,0,0,0,0,1,2,0,0,0,0,0,0,0,0,0,0,0,0,0,0,0,0,0,0,0,0,0,0,0,0,0,0,0,0
Streptococcus suis ,,,,,,,,,,,,,,,,,,,,,,,,,,,,,,,,,,,,,,,,,,,,,,,,,,,,,,,,,,,,,,,,,,,,,,,,,,,,,,,,,,,,,,,,,,,,,,,,,0,0,1,0,1,2,3,4,0,1,1,0,1,0,0,0,0,0,2,2,1,2,0,0,0,0,0,0,3,0,0,2,1,0,0,0,1,0,1,0,0,0,0,1,2,0,0,1,0,0,1,0,0,1,1,0,1,0,2,0,2,0,0,0,0,1,0,2,2,2,0,1,1,0,1,1,0,1,1,1,1,1,0,0,1,0,0,0,1,1,0,1,0,2,0,1,0,1,1,1,1,2,0,0,2,0,0,0,0,0,1,0,2,1,1,2,1,3,0,1,0,0,0,0,1,3,1,1,1,0,2,0,0,0,0,0,0,2,0,1,0,0,2,0,0,1,1,1,0,0,0,1,2,1,0,0,0,0,0,0,0,2,0,1,1,1,1,1,0,0,0,0,0,0,1,0,0,2,0,0,0,0,0,0,0,3,0,0,0,1,0,0,1,2,0,0,1,0,0,0,0,1,0
Community-associated methicillin-resistant Staphylococcus aureus infection,,,,,,,,,,,,,,,,,,,,,,,,,,,,,,,,,,,,,,,,,,,,,,,,,,,,,,,,,,,,,,,,,,,,,,,,,,,,,,,,,,,,,,,,,,,,,,,,,,,,,,,,,,,,,,,,,,,,,,,,,13,11,8,11,12,15,25,15,14,19,12,18,15,20,14,22,17,16,37,24,34,23,31,29,22,30,29,29,22,38,31,37,39,35,20,36,23,31,27,41,24,48,43,54,50,64,41,49,51,37,57,39,51,59,48,55,62,50,73,42,56,49,56,52,74,78,90,79,80,67,65,69,80,68,70,57,103,84,102,95,95,79,79,78,68,69,66,76,94,102,87,97,99,103,75,61,93,55,81,85,84,106,102,66,88,97,113,76,91,70,73,119,92,104,113,113,111,94,106,81,91,82,119,103,113,123,117,90,119,103,98,100,105,103,93,98,123,108,93,115,98,115,97,70,111,94,115,95,115,91,111,112,109,103,105,75,79,73,51,48,81,67,80,78,74,63,61,58,54,38,34,69,52,53,49,54,53,45,40
Sars-CoV-2,,,,,,,,,,,,,,,,,,,,,,,,,,,,,,,,,,,,,,,,,,,,,,,,,,,,,,,,,,,,,,,,,,,,,,,,,,,,,,,,,,,,,,,,,,,,,,,,,,,,,,,,,,,,,,,,,,,,,,,,,,,,,,,,,,,,,,,,,,,,,,,,,,,,,,,,,,,,,,,,,,,,,,,,,,,,,,,,,,,,,,,,,,,,,,,,,,,,,,,,,,,,,,,,,,,,,,,,,,,,,,,,,,,,,,,,,,,,,,,,,,,,,,,,,,,,,,,,,,,,,,,,,,,,,,,,,,,,,13,82,656,287,48,146,2166,1425,275,233,1066,2492,1598,533,458,300,65,80,60,126,113,126,92
Anthrax,,,,,,,,,,,,,,,,,,,,,,,,,,,,,,,,,,,,,,,,,,,,,,,,,,,,,,,,,,,,,,,,,,,,,,,,,,,,,,,,,,,,,,,,,,,,,,,,,,,,,,,,,,,,,,,,,,,,,,,,,,,,,,,,,,,,,,,,,,,0,0,0,0,0,0,0,0,0,0,0,0,0,0,0,0,0,0,0,0,0,0,0,0,0,0,0,0,0,0,0,0,0,0,0,0,0,0,0,0,0,0,0,0,0,0,0,0,0,0,0,0,0,0,0,0,0,0,0,0,0,0,0,0,0,0,0,0,0,0,0,0,0,0,0,0,0,0,0,0,0,0,0,0,0,0,0,0,0,0,0,0,0,0,0,0,0,0,0,0,0,0,0,0,0,0,0,0,0,0,0,0,0,0,0,0,0,0,0,0,0,0,0,0,0,0,0,0,0,0,0,0,0,0,0,0,0,0,0,0,0,0,0,0,0,0,0,0,0,0,0,0,0,0,0,0,0,0,0,0,0
Botulism,,,,,,,,,,,,,,,,,,,,,,,,,,,,,,,,,,,,,,,,,,,,,,,,,,,,,,,,,,,,,,,,,,,,,,,,,,,,,,,,,,,,,,,,,,,,,,,,,,,,,,,,,,,,,,,,,,,,,,,,,,,,,,,,,,,,,,,,,,,0,0,0,0,0,0,0,0,0,0,0,0,0,0,0,0,0,0,0,0,0,0,0,0,0,0,0,0,0,0,0,0,0,0,0,0,0,0,0,0,0,0,0,0,0,0,0,0,0,0,0,0,0,0,0,0,0,0,0,0,0,0,0,0,0,0,0,0,0,0,0,0,0,0,0,0,0,0,0,0,0,0,0,0,0,0,0,0,0,0,0,0,0,0,2,5,3,1,1,0,0,1,0,1,0,0,0,1,0,1,0,0,0,0,0,0,0,0,0,0,0,0,0,1,2,0,0,0,0,0,0,0,0,0,1,0,0,0,0,0,0,0,0,0,0,0,1,0,0,0,0,0,0,0,0,0,0,0,1,0,0
Creutzfeld-Jakob disease,,,,,,,,,,,,,,,,,,,,,,,,,,,,,,,,,,,,,,,,,,,,,,,,,,,,,,,,,,,,,,,,,,,,,,,,,,,,,,,,,,,,,,,,,,,,,,,,,,,,,,,,,,,,,,,,,,,,,,,,,,,,,,,,,,,,,,,,,,,0,0,1,0,0,0,0,0,1,1,0,1,0,0,1,0,2,0,0,2,2,0,0,0,0,1,0,1,0,0,0,0,1,1,1,0,0,1,1,0,0,0,2,0,0,1,0,0,0,1,1,1,0,2,0,1,0,0,0,1,1,0,1,0,1,0,0,0,1,1,1,1,2,1,1,0,0,0,0,1,2,1,1,1,0,2,0,1,0,0,0,1,1,0,0,3,0,1,2,0,0,1,1,1,1,0,1,1,1,1,1,0,1,1,0,3,0,0,1,0,0,2,2,0,0,1,0,0,0,0,5,2,2,1,4,0,1,0,0,1,0,1,2,2,0,1,1,0,2,2,1,1,1,0,1,2,1,2,2,0,1
Escherichia coli O157:H7 infection,,,,,,,,,,,,,,,,,,,,,,,,,,,,,,,,,,,,,,,,,,,,,,,,,,,,,,,,,,,,,,,,,,,,,,,,,,,,,,,,,,,,,,,,,,,,,,,,,,,,,,,,,,,,,,,,,,,,,,,,,,,,,,,,,,,,,,,,,,,1,0,0,0,0,0,0,0,0,0,0,0,0,0,1,0,0,1,0,0,1,0,2,0,1,1,1,0,0,0,,,,,,,,,,,,,,,,,,,,,,,,,,,,,,,,,,,,,,,,,,,,,,,,,,,,,,,,,,,,,,,,,,,,,,,,,,,,,,,,,,,,,,,,,,,,,,,,,,,,,,,,,,,,,,,,,,,,,,,,,,,,,,,,,,,
Shiga toxin-producing Escherichia coli infection,,,,,,,,,,,,,,,,,,,,,,,,,,,,,,,,,,,,,,,,,,,,,,,,,,,,,,,,,,,,,,,,,,,,,,,,,,,,,,,,,,,,,,,,,,,,,,,,,,,,,,,,,,,,,,,,,,,,,,,,,,,,,,,,,,,,,,,,,,,,,,,,,,,,,,,,,,,,,,,,,,,,,,,,,1,0,0,0,0,0,0,1,0,0,1,0,0,1,0,0,4,2,1,0,0,0,0,0,0,0,0,0,1,0,0,0,0,1,0,0,1,0,0,0,0,0,1,0,0,0,0,0,0,0,0,0,0,0,0,0,0,0,0,0,1,0,0,1,0,1,0,0,1,2,0,0,0,0,0,0,0,0,0,1,0,1,0,0,0,0,0,0,1,0,0,1,0,0,0,1,0,0,0,0,0,1,2,0,0,0,0,0,1,0,0,1,0,1,1,0,0,1,0,0,0,0,0,0,0,1,0,0,0,0,0
Haemophilus influenzae type b infection (invasive),,,,,,,,,,,,,,,,,,,,,,,,,,,,,,,,,,,,,,,,,,,,,,,,,,,,,,,,,,,,,,,,,,,,,,,,,,,,,,,,,,,,,,,,,,,,,,,,,,,,,,,,,,,,,,,,,,,,,,,,,,,,,,,,,,,,,,,,,,,0,0,0,0,0,0,0,0,0,0,0,0,1,0,0,0,0,0,0,0,0,0,0,0,0,0,0,0,0,1,0,1,0,0,0,0,0,0,0,0,0,0,1,0,0,0,0,0,0,0,0,0,0,0,0,0,0,1,1,0,0,1,0,0,0,0,1,0,0,0,0,1,2,0,0,0,0,2,0,0,0,0,0,0,0,0,0,0,0,0,0,0,1,0,0,0,0,0,0,0,0,0,1,0,0,0,0,0,0,1,0,0,0,0,1,0,0,0,1,0,0,0,0,0,0,0,0,0,0,0,0,0,0,0,0,0,0,0,1,0,0,0,1,0,0,0,0,0,0,0,0,0,0,0,0,0,0,0,0,0,0
Hantavirus,,,,,,,,,,,,,,,,,,,,,,,,,,,,,,,,,,,,,,,,,,,,,,,,,,,,,,,,,,,,,,,,,,,,,,,,,,,,,,,,,,,,,,,,,,,,,,,,,,,,,,,,,,,,,,,,,,,,,,,,,,,,,,,,,,,,,,,,,,,0,1,0,0,0,0,0,0,0,0,0,1,0,0,0,0,0,0,0,0,0,0,0,0,0,1,0,0,0,0,0,0,0,0,0,0,0,0,0,1,0,0,0,0,0,0,0,0,0,0,0,0,0,0,0,0,0,0,0,0,0,0,0,0,0,0,0,0,0,0,0,0,0,0,0,0,0,0,0,0,0,0,0,0,0,0,0,0,0,0,0,0,0,0,0,0,0,0,0,0,0,0,0,0,1,0,0,1,0,0,0,0,0,0,1,0,0,1,0,0,0,0,0,0,0,0,0,0,0,0,0,0,0,0,0,0,1,0,0,0,0,0,0,0,0,1,0,0,0,0,0,0,0,0,0,0,0,0,0,0,0
Invasive pneumococcal disease,,,,,,,,,,,,,,,,,,,,,,,,,,,,,,,,,,,,,,,,,,,,,,,,,,,,,,,,,,,,,,,,,,,,,,,,,,,,,,,,,,,,,,,,,,,,,,,,,,,,,,,,,,,,,,,,,,,,,,,,,,,,,,,,,,,,,,,,,,,,,,,,,,,,,,,,,,,,,,,,,,,,,,,,,,,,,,,,,,,,,,,,,,,,,,,,,,,,,,,,,,,,,,,,,,,,,,,,,25,32,12,12,5,9,8,5,4,16,12,22,16,15,10,19,24,10,11,7,13,16,18,30,16,22,18,13,18,14,8,9,14,13,23,18,24,29,18,21,8,7,12,6,6,12,21,25,30,21,17,14,6,13,10,10,6,15,20,27,18,14,5,2,2,1,0,1,0,1,2,1,1,2,0,2,0,2,2,1,1,1,8
Leptospirosis,,,,,,,,,,,,,,,,,,,,,,,,,,,,,,,,,,,,,,,,,,,,,,,,,,,,,,,,,,,,,,,,,,,,,,,,,,,,,,,,,,,,,,,,,,,,,,,,,,,,,,,,,,,,,,,,,,,,,,,,,,,,,,,,,,,,,,,,,,,1,1,0,0,2,0,0,0,0,0,0,0,0,3,3,2,0,1,0,0,0,2,0,0,2,1,0,0,1,1,0,1,0,0,0,0,1,0,0,0,1,0,0,0,0,0,0,1,0,3,1,1,1,1,0,0,0,0,1,0,0,1,0,0,0,0,0,0,0,0,0,0,1,0,0,0,0,0,0,0,0,0,0,0,0,2,0,0,1,0,0,0,0,0,0,0,0,2,1,2,1,1,0,0,1,0,1,0,0,1,0,1,0,1,0,0,0,0,0,0,1,0,0,1,0,1,0,0,0,0,0,1,1,1,0,1,0,0,0,0,0,1,0,0,0,0,0,2,3,0,0,2,0,1,0,0,0,0,1,0,0
Listeriosis,,,,,,,,,,,,,,,,,,,,,,,,,,,,,,,,,,,,,,,,,,,,,,,,,,,,,,,,,,,,,,,,,,,,,,,,,,,,,,,,,,,,,,,,,,,,,,,,,,,,,,,,,,,,,,,,,,,,,,,,,,,,,,,,,,,,,,,,,,,0,3,3,4,1,0,3,2,1,5,0,1,0,0,2,0,0,0,0,0,0,1,0,0,0,1,1,3,0,0,0,0,0,2,0,3,2,0,1,1,1,3,1,3,1,3,5,3,3,2,0,1,3,1,3,2,1,3,2,1,3,5,1,3,1,1,3,2,1,6,3,0,1,3,0,1,1,1,0,0,1,1,0,1,3,1,0,4,10,1,1,1,1,2,1,0,1,4,0,4,2,0,0,1,0,1,0,4,0,1,2,1,1,3,0,1,2,0,3,3,2,1,2,2,2,1,2,5,3,2,0,1,3,4,0,3,1,1,0,0,1,5,3,0,1,0,1,2,1,1,2,0,0,2,0,2,3,3,2,2,0
Psittacosis,,,,,,,,,,,,,,,,,,,,,,,,,,,,,,,,,,,,,,,,,,,,,,,,,,,,,,,,,,,,,,,,,,,,,,,,,,,,,,,,,,,,,,,,,,,,,,,,,,,,,,,,,,,,,,,,,,,,,,,,,,,,,,,,,,,,,,,,,,,0,0,0,0,0,0,0,0,0,0,0,0,0,0,0,0,1,0,0,1,0,0,0,0,0,0,0,0,0,0,0,0,0,0,0,0,0,0,1,1,0,0,0,1,0,0,0,0,0,0,0,0,4,0,1,0,0,1,0,0,0,0,0,0,0,0,0,1,3,0,0,0,1,0,0,1,0,0,0,0,0,0,0,0,0,0,0,1,0,1,1,0,0,0,0,1,1,1,1,2,1,0,1,1,1,2,0,0,0,3,0,0,1,0,2,2,2,1,1,0,2,1,1,2,2,1,2,0,3,2,4,2,3,1,3,0,1,1,2,2,1,0,1,3,0,0,0,1,0,1,1,0,2,0,2,2,1,2,0,0,0
Q fever,,,,,,,,,,,,,,,,,,,,,,,,,,,,,,,,,,,,,,,,,,,,,,,,,,,,,,,,,,,,,,,,,,,,,,,,,,,,,,,,,,,,,,,,,,,,,,,,,,,,,,,,,,,,,,,,,,,,,,,,,,,,,,,,,,,,,,,,,,,0,1,0,0,0,0,0,1,0,3,0,0,0,0,0,0,0,0,0,1,0,0,0,0,0,0,0,0,0,0,0,0,1,2,0,1,0,0,0,0,0,0,0,0,0,0,0,1,0,0,0,0,0,0,0,0,0,0,0,0,1,0,0,0,0,0,0,0,0,0,0,0,0,0,0,0,0,0,0,0,1,1,0,0,0,0,0,0,0,0,0,0,0,0,0,0,0,1,0,0,1,0,0,0,0,0,0,0,0,0,0,0,0,0,0,0,0,0,0,0,0,1,0,0,0,0,0,0,0,0,1,0,0,1,0,0,0,0,0,0,0,0,0,0,0,0,0,0,0,0,0,0,1,0,1,0,0,0,0,0,0
Smallpox,,,,,,,,,,,,,,,,,,,,,,,,,,,,,,,,,,,,,,,,,,,,,,,,,,,,,,,,,,,,,,,,,,,,,,,,,,,,,,,,,,,,,,,,,,,,,,,,,,,,,,,,,,,,,,,,,,,,,,,,,,,,,,,,,,,,,,,,,,,0,0,0,0,0,0,0,0,0,0,0,0,0,0,0,0,0,0,0,0,0,0,0,0,0,0,0,0,0,0,0,0,0,0,0,0,0,0,0,0,0,0,0,0,0,0,0,0,0,0,0,0,0,0,0,0,0,0,0,0,0,0,0,0,0,0,0,0,0,0,0,0,0,0,0,0,0,0,0,0,0,0,0,0,0,0,0,0,0,0,0,0,0,0,0,0,0,0,0,0,0,0,0,0,0,0,0,0,0,0,0,0,0,0,0,0,0,0,0,0,0,0,0,0,0,0,0,0,0,0,0,0,0,0,0,0,0,0,0,0,0,0,0,0,0,0,0,0,0,0,0,0,0,0,0,0,0,0,0,0,0
Viral haemorrhagic fever,,,,,,,,,,,,,,,,,,,,,,,,,,,,,,,,,,,,,,,,,,,,,,,,,,,,,,,,,,,,,,,,,,,,,,,,,,,,,,,,,,,,,,,,,,,,,,,,,,,,,,,,,,,,,,,,,,,,,,,,,,,,,,,,,,,,,,,,,,,0,0,0,0,0,0,0,0,0,0,0,0,0,0,0,0,0,0,0,0,0,0,0,0,0,0,0,0,0,0,0,0,0,0,0,0,0,0,0,0,0,0,0,0,0,0,0,0,0,0,0,0,0,0,0,0,0,0,0,0,0,0,0,0,0,0,0,0,0,0,0,0,0,0,0,0,0,0,0,0,0,0,0,0,0,0,0,0,0,0,0,0,0,0,0,0,0,0,0,0,0,0,0,0,0,0,0,0,0,0,0,0,0,0,0,0,0,0,0,0,0,0,0,0,0,0,0,0,0,0,0,0,0,0,0,0,0,0,0,0,0,0,0,0,0,0,0,0,0,0,0,0,0,0,0,0,0,0,0,0,0
West Nile Virus,,,,,,,,,,,,,,,,,,,,,,,,,,,,,,,,,,,,,,,,,,,,,,,,,,,,,,,,,,,,,,,,,,,,,,,,,,,,,,,,,,,,,,,,,,,,,,,,,,,,,,,,,,,,,,,,,,,,,,,,,,,,,,,,,,,,,,,,,,,0,0,0,0,0,0,0,0,0,0,0,0,0,0,0,0,0,0,0,0,0,0,0,0,0,0,0,0,0,0,0,0,0,0,0,0,0,0,0,0,0,0,0,0,0,0,0,0,0,0,0,0,0,0,0,0,0,0,0,0,0,0,0,0,0,0,0,0,0,0,0,0,0,0,0,0,0,0,0,0,0,0,0,0,0,0,0,0,0,0,0,0,0,0,0,0,0,0,0,0,0,0,0,0,0,0,0,0,0,0,0,0,0,0,0,0,0,0,0,0,0,0,0,0,0,0,0,0,0,0,0,0,0,0,0,0,0,0,0,0,0,0,0,0,0,0,0,0,0,0,0,0,0,0,0,0,0,0,0,0,0
Chikungunya fever,,,,,,,,,,,,,,,,,,,,,,,,,,,,,,,,,,,,,,,,,,,,,,,,,,,,,,,,,,,,,,,,,,,,,,,,,,,,,,,,,,,,,,,,,,,,,,,,,,,,,,,,,,,,,,,,,,,,,,,,,,,,,,,,,,,,,,,,,,,,,,,,,,,1,0,0,0,0,0,0,0,0,0,0,0,0,0,0,0,0,0,0,1,1,0,0,0,0,0,0,0,0,0,0,0,0,0,0,0,0,0,0,0,0,0,0,0,0,0,0,1,0,1,1,0,1,0,0,0,1,0,0,0,0,1,1,0,0,0,0,0,0,0,0,0,0,0,0,0,0,0,0,0,1,0,0,0,1,0,0,0,0,3,2,1,1,0,0,0,0,0,0,0,0,0,1,0,0,0,0,0,0,0,0,0,0,1,0,0,1,0,0,0,0,0,0,1,5,2,1,1,1,0,0,0,0,0,0,0,0,0,0,0,0,0,0,0,0,0,0,0,0,0,0,0,0
Enterovirus 71 infection,,,,,,,,,,,,,,,,,,,,,,,,,,,,,,,,,,,,,,,,,,,,,,,,,,,,,,,,,,,,,,,,,,,,,,,,,,,,,,,,,,,,,,,,,,,,,,,,,,,,,,,,,,,,,,,,,,,,,,,,,,,,,,,,,,,,,,,,,,,,,,,,,,,9,8,3,1,2,2,1,3,2,0,2,2,4,13,17,24,20,11,6,0,2,0,4,1,0,2,17,15,11,9,1,1,7,0,1,0,1,8,18,11,8,6,5,0,1,0,0,0,0,2,2,0,2,0,1,5,0,0,0,4,6,4,17,10,14,6,4,2,1,0,1,0,1,9,15,16,6,2,0,2,4,0,2,0,0,0,3,1,8,6,3,10,3,2,6,2,3,2,4,9,13,7,1,1,1,0,0,1,1,0,8,10,8,8,6,5,10,5,1,0,1,1,1,1,0,0,0,0,0,1,0,0,0,0,0,0,0,0,0,0,0,0,0,0,0,0,0,0,0,0,0,1,0
Zika Virus Infection,,,,,,,,,,,,,,,,,,,,,,,,,,,,,,,,,,,,,,,,,,,,,,,,,,,,,,,,,,,,,,,,,,,,,,,,,,,,,,,,,,,,,,,,,,,,,,,,,,,,,,,,,,,,,,,,,,,,,,,,,,,,,,,,,,,,,,,,,,,,,,,,,,,,,,,,,,,,,,,,,,,,,,,,,,,,,,,,,,,,,,,,,,,,,,,,,,,,,,,,,,,,,,,,,,,,,,,,,,,,,,,,,,,,,0,0,0,0,0,0,0,1,0,0,1,0,0,0,0,1,0,0,0,0,0,0,0,0,0,0,0,0,0,0,0,0,0,0,0,0,0,0,0,0,0,0,0,0,0,0,0,0,0,0,0,0,0,0,0,0,0,0,0,0,0,0,0,0,0,0,0,0,0,0,0
